{
  "summary": {
    "n_episodes": 3,
    "pick_success_rate": 1.0,
    "place_success_rate": 1.0,
    "mean_place_err_mm": 14.8,
    "max_place_err_mm": 25.8,
    "dataset_steps": 10440,
    "workspace_coverage_m2": 0.0114,
    "obs_dim": 13,
    "action_dim": 7
  },
  "episodes": [
    {
      "seed": 0,
      "scene": {
        "cube_xy": [
          0.5219138699714326,
          -0.04445972014611631
        ],
        "cube_half": 0.018245841143617166,
        "cube_mass": 0.020495829065855873,
        "cube_rgba": [
          0.778625655480177,
          0.8432911252305192,
          0.6443132542486669,
          1.0
        ]
      },
      "pick_ok": true,
      "place_ok": true,
      "place_err_m": 0.0098,
      "cube_final": [
        0.4577,
        -0.2739,
        0.0257
      ],
      "n_records": 3480
    },
    {
      "seed": 1,
      "scene": {
        "cube_xy": [
          0.501891459952041,
          0.14612983497126192
        ],
        "cube_half": 0.018864957676317802,
        "cube_mass": 0.04845948341411732,
        "cube_rgba": [
          0.45269044380681556,
          0.5251621918321742,
          0.7880066859832872,
          1.0
        ]
      },
      "pick_ok": true,
      "place_ok": true,
      "place_err_m": 0.0089,
      "cube_final": [
        0.4552,
        -0.2728,
        0.0264
      ],
      "n_records": 3480
    },
    {
      "seed": 2,
      "scene": {
        "cube_xy": [
          0.4618579414798906,
          -0.036422479844045466
        ],
        "cube_half": 0.02288535444356568,
        "cube_mass": 0.02275747826405291,
        "cube_rgba": [
          0.6400653418776752,
          0.7235643424276665,
          0.37213569768829224,
          1.0
        ]
      },
      "pick_ok": true,
      "place_ok": true,
      "place_err_m": 0.0258,
      "cube_final": [
        0.4567,
        -0.2551,
        0.0304
      ],
      "n_records": 3480
    }
  ]
}